pay_to,chain,window_start,window_end,distinct_payers,settlements
0x52e29e0d2aa49bfbfc548c0a9f2196f4aa51f3ea,eip155:8453,2026-08-21T04:36:27Z,2026-09-20T04:36:27Z,2087,18040
0x480cd46e6fade651a0437deadda53d5c8e7d846a,eip155:8453,2026-08-21T04:36:27Z,2026-09-20T04:36:27Z,1447,4412
0x159be9e316bc5fac8ce05aec4eaae46e8f8a4908,eip155:8453,2026-08-21T04:36:27Z,2026-09-20T04:36:27Z,579,3917
0xe9030014f5dae217d0a152f02a043567b16c1abf,eip155:8453,2026-08-21T04:36:27Z,2026-09-20T04:36:27Z,385,640484
0x29322ea7ecb34aa6164cb2ddeb9ce650902e4f60,eip155:8453,2026-08-21T04:36:27Z,2026-09-20T04:36:27Z,375,1156
0x325bdf6f7efab24a2210c48c1b64cab2eae1d430,eip155:8453,2026-08-21T04:36:27Z,2026-09-20T04:36:27Z,341,78097
0x0e84ddedaae6a779c462c22a59f301ec31b6b808,eip155:8453,2026-08-21T04:36:27Z,2026-09-20T04:36:27Z,319,7786
0xabf4fabd7c416fb67202e5f9002389fc75e2a9d0,eip155:8453,2026-08-21T04:36:27Z,2026-09-20T04:36:27Z,178,7305
0x6d6e695b09861467c7d462f5aaf31cf3540b9192,eip155:8453,2026-08-21T04:36:27Z,2026-09-20T04:36:27Z,129,6322
0x93053f1e7a5efeda532fe69cbbe43cbec3a0f13f,eip155:8453,2026-08-21T04:36:27Z,2026-09-20T04:36:27Z,122,4389
0xec7051578c9ce20ea27eed1052f8b4c584aee2b3,eip155:8453,2026-08-21T04:36:27Z,2026-09-20T04:36:27Z,1,30
0x01686365833733f8c9fbe956a43afb07fc6be518,eip155:8453,2026-08-21T04:36:27Z,2026-09-20T04:36:27Z,1,13
0xa12d480b17797f2401949130becbec24c754ed30,eip155:8453,2026-08-21T04:36:27Z,2026-09-20T04:36:27Z,1,13
0x7bebee9f4c1694e18fd9bf3bf0f113d7fb2d6bb3,eip155:8453,2026-08-21T04:36:27Z,2026-09-20T04:36:27Z,1,6
0xb445f611cc899b623462f07c11bfeacfd20d3c70,eip155:8453,2026-08-21T04:36:27Z,2026-09-20T04:36:27Z,1,6
0x9e6a0ce78bb2915d0758cc6a1ce8ea77f1b71770,eip155:8453,2026-08-21T04:36:27Z,2026-09-20T04:36:27Z,1,5
0xdbbc87e7947201eacc9a7521dda4801e99994566,eip155:8453,2026-08-21T04:36:27Z,2026-09-20T04:36:27Z,1,5
0x26bbf0f6bc7a6492e4029327f2ef7c1363f9b4f6,eip155:8453,2026-08-21T04:36:27Z,2026-09-20T04:36:27Z,1,4
0xba61c06e3534bf80dfe85c79982dfba5d3f7258a,eip155:8453,2026-08-21T04:36:27Z,2026-09-20T04:36:27Z,1,4
0x1664530dc2a1ca350b1dbad1fc1f1a70c90fe4de,eip155:8453,2026-08-21T04:36:27Z,2026-09-20T04:36:27Z,1,3
